short_sha	date	kind	author	committer	branches	file_count	top_level	subject	full_sha
8edbc00	2026-06-09	merge	dzx0902 <145189098+dzx0902@users.noreply.github.com>	GitHub <noreply@github.com>	dev,origin/dev,origin/jflin	0		Merge pull request #72 from dzx0902/feat/evaluation-benchmark-framework	8edbc00cb51891dc20709a8d0ac3c9767c0f7899
525c4d8	2026-06-09	non-merge	dzx0902 <3575895791@qq.com>	dzx0902 <3575895791@qq.com>	dev,origin/dev,origin/feat/evaluation-benchmark-framework,origin/jflin	1	backend	fix(test): avoid unused datetime imports in PR build	525c4d84f409330ad3f7e61da10be2103dd62377
a7e5aae	2026-06-09	merge	dzx0902 <145189098+dzx0902@users.noreply.github.com>	GitHub <noreply@github.com>	dev,origin/dev,origin/feat/evaluation-benchmark-framework,origin/jflin	0		Merge branch 'dev' into feat/evaluation-benchmark-framework	a7e5aae3002d1b77f21da8e05bd6cf7f2a29d333
965ea4a	2026-06-09	non-merge	dzx0902 <3575895791@qq.com>	dzx0902 <3575895791@qq.com>	dev,origin/dev,origin/feat/evaluation-benchmark-framework,origin/jflin	12	backend,docs,evaluation	feat(evaluation): add resumable benchmark judging	965ea4aa40e74b07b3168cb1440173fcc9608aae
231474c	2026-06-08	non-merge	dzx0902 <3575895791@qq.com>	dzx0902 <3575895791@qq.com>	dev,origin/dev,origin/feat/evaluation-benchmark-framework,origin/jflin	11	backend,docs,evaluation	feat(memory): add batch writes and explicit supersession	231474c5fe28f085a9e8a21955b4f23a2ce1bef2
767eb29	2026-06-08	non-merge	dzx0902 <3575895791@qq.com>	dzx0902 <3575895791@qq.com>	dev,origin/dev,origin/feat/evaluation-benchmark-framework,origin/jflin	32	.gitignore,backend,docs,evaluation	feat(evaluation): add official benchmarks and semantic judging	767eb297fe164c7423816b0a152c71982cbd228b
cc37c58	2026-06-07	non-merge	dzx0902 <3575895791@qq.com>	dzx0902 <3575895791@qq.com>	dev,origin/dev,origin/feat/evaluation-benchmark-framework,origin/jflin	9	backend,evaluation	fix(evaluation): harden live benchmark scoring and embedding retries	cc37c588e7e09d3cc48c1a91763900d4e7cc646a
50609db	2026-06-06	non-merge	dzx0902 <3575895791@qq.com>	dzx0902 <3575895791@qq.com>	dev,origin/dev,origin/feat/evaluation-benchmark-framework,origin/jflin	30	.env.example,backend,docs,evaluation	feat(evaluation): complete end-to-end benchmark pipeline	50609db7d001a683f93f92a3ef2e1567be30f06c
9625ab2	2026-06-04	merge	dzx0902 <145189098+dzx0902@users.noreply.github.com>	GitHub <noreply@github.com>	origin,origin/main	0		Merge pull request #71 from dzx0902/dev	9625ab238f107fdec978f11db942a9583e718e65
28c2cc6	2026-06-04	merge	dzx0902 <145189098+dzx0902@users.noreply.github.com>	GitHub <noreply@github.com>	dev,origin,origin/dev,origin/feat/evaluation-benchmark-framework,origin/jflin,origin/main	0		Merge pull request #70 from dzx0902/jflin	28c2cc61fbb63d82f7425a01b7eea024500f2cc3
27abaa9	2026-06-03	non-merge	dzx0902 <3575895791@qq.com>	dzx0902 <3575895791@qq.com>	dev,origin,origin/dev,origin/feat/evaluation-benchmark-framework,origin/jflin,origin/main	12	backend,frontend	feat: add provider-backed QA generation	27abaa9471b2cf363fa411b6f0bfb2f50e714ced
79e1d96	2026-06-02	merge	dzx0902 <145189098+dzx0902@users.noreply.github.com>	GitHub <noreply@github.com>	origin,origin/main	0		Merge pull request #69 from dzx0902/dev	79e1d96ce71c2db2bb31e78c07c5a00792177083
98d13ef	2026-05-26	non-merge	dzx0902 <3575895791@qq.com>	dzx0902 <3575895791@qq.com>	dev,origin,origin/dev,origin/feat/evaluation-benchmark-framework,origin/jflin,origin/main	6	backend,docs	Add structured context pack metadata	98d13ef9c72cb7aa85cac52cdd3eee634bad169a
8ff5609	2026-05-26	non-merge	dzx0902 <3575895791@qq.com>	dzx0902 <3575895791@qq.com>	dev,origin,origin/dev,origin/feat/evaluation-benchmark-framework,origin/jflin,origin/main	5	backend,docs	Add forgetting verification report	8ff5609f63c8d57c31c9083f8bd3ade5b1f69950
45dbdef	2026-05-26	non-merge	dzx0902 <3575895791@qq.com>	dzx0902 <3575895791@qq.com>	dev,origin,origin/dev,origin/feat/evaluation-benchmark-framework,origin/jflin,origin/main	5	backend,docs	Add memory conflict detection endpoint	45dbdef6469a3bd61603788c1ca61740186da0c4
11cc9ae	2026-05-26	non-merge	dzx0902 <3575895791@qq.com>	dzx0902 <3575895791@qq.com>	dev,origin,origin/dev,origin/feat/evaluation-benchmark-framework,origin/jflin,origin/main	7	backend,docs,evaluation	Exercise extraction in evaluation baseline	11cc9ae6a825ef156810db3103d243ab4648e97a
bddf464	2026-05-26	non-merge	dzx0902 <3575895791@qq.com>	dzx0902 <3575895791@qq.com>	dev,origin,origin/dev,origin/feat/evaluation-benchmark-framework,origin/jflin,origin/main	8	backend,docs	Add rule based memory extraction candidates	bddf46446972f0a4bd1c9d9dbb9fdc05f17dafb4
5b4c7b1	2026-05-26	non-merge	dzx0902 <3575895791@qq.com>	dzx0902 <3575895791@qq.com>	dev,origin,origin/dev,origin/feat/evaluation-benchmark-framework,origin/jflin,origin/main	8	backend,docs,evaluation	Compare evaluation baselines and chunk vectors	5b4c7b11caf0adcd2bc8aeec4c5f043075394baf
c618588	2026-05-26	non-merge	dzx0902 <3575895791@qq.com>	dzx0902 <3575895791@qq.com>	dev,origin,origin/dev,origin/feat/evaluation-benchmark-framework,origin/jflin,origin/main	11	backend,docs,evaluation	Add vector recall evaluation baseline	c618588e8fa38bdafe18fd019d30a10b1b2fcd5e
58218a6	2026-05-26	non-merge	dzx0902 <3575895791@qq.com>	dzx0902 <3575895791@qq.com>	dev,origin,origin/dev,origin/feat/evaluation-benchmark-framework,origin/jflin,origin/main	9	backend,database,docs	Implement memory lifecycle status validation	58218a6d1a302389236f1b2e2ed1e5e1f712a5d6
ce1c77c	2026-05-25	non-merge	dzx0902 <3575895791@qq.com>	dzx0902 <3575895791@qq.com>	dev,origin,origin/dev,origin/feat/evaluation-benchmark-framework,origin/jflin,origin/main	2	backend	feat(backend): add hybrid memory recall	ce1c77c9ad97bb94aadcd9791e2e9b15ce19d7fb
e8b5c25	2026-05-25	non-merge	dzx0902 <3575895791@qq.com>	dzx0902 <3575895791@qq.com>	dev,origin,origin/dev,origin/feat/evaluation-benchmark-framework,origin/jflin,origin/main	5	backend	feat(backend): persist generated embeddings	e8b5c25f4ce56779cc8ed1fb6757ea8c00c4f3f1
16c83f9	2026-05-25	non-merge	dzx0902 <3575895791@qq.com>	dzx0902 <3575895791@qq.com>	dev,origin,origin/dev,origin/feat/evaluation-benchmark-framework,origin/jflin,origin/main	10	backend,database,docs	feat(backend): add embedding foundation	16c83f93dfa34ee74276a1439d9e5b8a2ae8b2e4
1fe96fe	2026-05-25	non-merge	dzx0902 <3575895791@qq.com>	dzx0902 <3575895791@qq.com>	dev,origin,origin/dev,origin/feat/evaluation-benchmark-framework,origin/jflin,origin/main	5	backend,docs,evaluation	feat(evaluation): report governance metrics	1fe96febb151f509330e27fdf37055befd4e8885
d4ff9ea	2026-05-25	non-merge	dzx0902 <3575895791@qq.com>	dzx0902 <3575895791@qq.com>	dev,origin,origin/dev,origin/feat/evaluation-benchmark-framework,origin/jflin,origin/main	6	backend,evaluation	feat(evaluation): add local memory baselines	d4ff9ea32b208dd747faf240e81f98dee797c32c
17723f1	2026-05-25	non-merge	dzx0902 <3575895791@qq.com>	dzx0902 <3575895791@qq.com>	dev,origin,origin/dev,origin/feat/evaluation-benchmark-framework,origin/jflin,origin/main	6	backend,evaluation	feat(evaluation): convert external benchmark samples	17723f11396e26e989f201969d7009e1131f3f05
d8072ab	2026-05-25	non-merge	dzx0902 <3575895791@qq.com>	dzx0902 <3575895791@qq.com>	dev,origin,origin/dev,origin/feat/evaluation-benchmark-framework,origin/jflin,origin/main	54	.gitignore,backend,docs,evaluation	feat(evaluation): add benchmark framework	d8072abcc593e25f2ee45616900b2ffee3b667fd
69b78a6	2026-05-24	merge	dzx0902 <145189098+dzx0902@users.noreply.github.com>	GitHub <noreply@github.com>	main,origin,origin/main	0		Merge pull request #66 from dzx0902/dev	69b78a6c47585933c5b79976071b0a4649f57227
fb2647d	2026-05-24	non-merge	dzx0902 <3575895791@qq.com>	dzx0902 <3575895791@qq.com>	dev,main,origin,origin/dev,origin/feat/evaluation-benchmark-framework,origin/jflin,origin/main	5	frontend	fix(frontend): address runtime governance review issues	fb2647dd1d663be0f5cf04a916e04cd0c67d819b
d6666dc	2026-05-24	merge	dzx0902 <145189098+dzx0902@users.noreply.github.com>	GitHub <noreply@github.com>	dev,main,origin,origin/dev,origin/feat/evaluation-benchmark-framework,origin/jflin,origin/main	0		Merge pull request #63 from dzx0902/jflin-backend-completions	d6666dc58613fade1ed0fb4b4855241d5845f54f
3953a93	2026-05-23	non-merge	dzx0902 <3575895791@qq.com>	dzx0902 <3575895791@qq.com>	dev,main,origin,origin/dev,origin/feat/evaluation-benchmark-framework,origin/jflin,origin/jflin-backend-completions,origin/main	6	backend	feat(governance): add policy lifecycle APIs	3953a9341fd51bc1949d2cad1518e6c5a961a7ef
68a7799	2026-05-23	non-merge	dzx0902 <3575895791@qq.com>	dzx0902 <3575895791@qq.com>	dev,main,origin,origin/dev,origin/feat/evaluation-benchmark-framework,origin/jflin,origin/jflin-backend-completions,origin/main	7	backend	feat(semantic): add entity and scene list APIs	68a77995d92a98150d886d8581585ce37458329a
7c579e8	2026-05-23	non-merge	dzx0902 <3575895791@qq.com>	dzx0902 <3575895791@qq.com>	dev,main,origin,origin/dev,origin/feat/evaluation-benchmark-framework,origin/jflin,origin/jflin-backend-completions,origin/main	7	backend	feat(stats): add overview API	7c579e88578d2dfc54f0cfa61540e1916b6741c8
41060dc	2026-05-23	non-merge	dzx0902 <3575895791@qq.com>	dzx0902 <3575895791@qq.com>	dev,main,origin,origin/dev,origin/feat/evaluation-benchmark-framework,origin/jflin,origin/jflin-backend-completions,origin/main	5	backend	feat(wiki): add read APIs	41060dc7f7e31041d2e140603b44b80c0bdddb75
38264a5	2026-05-23	non-merge	dzx0902 <3575895791@qq.com>	dzx0902 <3575895791@qq.com>	dev,main,origin,origin/dev,origin/feat/evaluation-benchmark-framework,origin/jflin,origin/jflin-backend-completions,origin/main	7	.gitignore,backend,database,package.json,README.md,scripts	chore(db): add env-aware sql runner	38264a5a7877f9c77b3e068211bd795249bb08d3
87c7fd0	2026-05-23	non-merge	dzx0902 <3575895791@qq.com>	dzx0902 <3575895791@qq.com>	dev,main,origin,origin/dev,origin/feat/evaluation-benchmark-framework,origin/jflin,origin/jflin-backend-completions,origin/main	7	backend,database,docs	feat(wiki): support batch export contract	87c7fd0f42608c1dd3409dcb0333c75af3051c1a
2bc5276	2026-05-22	merge	dzx0902 <145189098+dzx0902@users.noreply.github.com>	GitHub <noreply@github.com>	main,origin,origin/frontend-api-integration,origin/main	0		Merge pull request #53 from dzx0902/dev	2bc5276d98a17754d27740e18dace5c7a58a3de1
eb34e59	2026-05-19	non-merge	dzx0902 <3575895791@qq.com>	dzx0902 <3575895791@qq.com>	origin/fix/db-cli-windows-encoding	2	scripts,tests	Fix database CLI encoding on Windows	eb34e5921b08ab0cc9348752363341b25b7cdb09
7e20cc3	2026-05-19	merge	dzx0902 <145189098+dzx0902@users.noreply.github.com>	GitHub <noreply@github.com>	dev,main,origin,origin/dev,origin/feat/entity-memory-scene,origin/feat/evaluation-benchmark-framework,origin/fix/db-cli-windows-encoding,origin/frontend-api-integration,origin/jflin,origin/jflin-backend-completions,origin/main	0		Merge pull request #50 from dzx0902/fix/backend-api-contract-demo	7e20cc333a4c1651a07a4f11def50b519befd3f2
3ec62f3	2026-05-17	merge	dzx0902 <145189098+dzx0902@users.noreply.github.com>	GitHub <noreply@github.com>	dev,main,origin,origin/dev,origin/feat/entity-memory-scene,origin/feat/evaluation-benchmark-framework,origin/fix/backend-api-contract-demo,origin/fix/db-cli-windows-encoding,origin/frontend-api-integration,origin/jflin,origin/jflin-backend-completions,origin/main	0		Merge pull request #47 from dzx0902/backend-p0	3ec62f302d2c78a11812d1694e4d398cef45e371
4efac9a	2026-05-17	non-merge	dzx0902 <3575895791@qq.com>	dzx0902 <3575895791@qq.com>	dev,main,origin,origin/backend-p0,origin/dev,origin/feat/entity-memory-scene,origin/feat/evaluation-benchmark-framework,origin/fix/backend-api-contract-demo,origin/fix/db-cli-windows-encoding,origin/frontend-api-integration,origin/jflin,origin/jflin-backend-completions,origin/main	2	.github	fix: add postgres service for backend ci health check	4efac9abee1060de6e3aa34641fa3e9f8076b834
2af1bbf	2026-05-17	non-merge	dzx0902 <3575895791@qq.com>	dzx0902 <3575895791@qq.com>	dev,main,origin,origin/backend-p0,origin/dev,origin/feat/entity-memory-scene,origin/feat/evaluation-benchmark-framework,origin/fix/backend-api-contract-demo,origin/fix/db-cli-windows-encoding,origin/frontend-api-integration,origin/jflin,origin/jflin-backend-completions,origin/main	16	backend,database	fix: align backend package imports and SQL/test consistency	2af1bbf3c37cbc9bcde8fd9b6b673729c396aa2f
5caecc7	2026-05-17	merge	dzx0902 <145189098+dzx0902@users.noreply.github.com>	GitHub <noreply@github.com>	dev,main,origin,origin/backend-p0,origin/dev,origin/feat/entity-memory-scene,origin/feat/evaluation-benchmark-framework,origin/fix/backend-api-contract-demo,origin/fix/db-cli-windows-encoding,origin/frontend-api-integration,origin/jflin,origin/jflin-backend-completions,origin/main	0		Merge branch 'main' into backend-p0	5caecc73d76066bd12801d01d0691abb6a905dd7
67845b0	2026-05-17	non-merge	dzx0902 <3575895791@qq.com>	dzx0902 <3575895791@qq.com>	dev,main,origin,origin/backend-p0,origin/dev,origin/feat/entity-memory-scene,origin/feat/evaluation-benchmark-framework,origin/fix/backend-api-contract-demo,origin/fix/db-cli-windows-encoding,origin/frontend-api-integration,origin/jflin,origin/jflin-backend-completions,origin/main	37	backend,database,docs,package.json,README.md,scripts	p0阶段backend实现包括测试部分	67845b062666440fd3293f2b5b1623733a6aafe4
598a29e	2026-05-16	merge	dzx0902 <145189098+dzx0902@users.noreply.github.com>	GitHub <noreply@github.com>	dev,main,origin,origin/backend-p0,origin/dev,origin/feat/entity-memory-scene,origin/feat/evaluation-benchmark-framework,origin/fix/backend-api-contract-demo,origin/fix/db-cli-windows-encoding,origin/frontend-api-integration,origin/jflin,origin/jflin-backend-completions,origin/main	0		Merge pull request #46 from dzx0902/dev	598a29e224c6aa892736fbe1c4cd3382dedf4dfb
03c4cb8	2026-05-16	merge	dzx0902 <145189098+dzx0902@users.noreply.github.com>	GitHub <noreply@github.com>	dev,main,origin,origin/backend-p0,origin/dev,origin/feat/entity-memory-scene,origin/feat/evaluation-benchmark-framework,origin/fix/backend-api-contract-demo,origin/fix/db-cli-windows-encoding,origin/frontend-api-integration,origin/jflin,origin/jflin-backend-completions,origin/main	0		Merge pull request #45 from dzx0902/feat/CI-fix	03c4cb82f3a88bbfcd681dd2f681d4fc1a040e67
6b19695	2026-05-16	non-merge	dzx0902 <3575895791@qq.com>	dzx0902 <3575895791@qq.com>	dev,main,origin,origin/backend-p0,origin/dev,origin/feat/entity-memory-scene,origin/feat/evaluation-benchmark-framework,origin/fix/backend-api-contract-demo,origin/fix/db-cli-windows-encoding,origin/frontend-api-integration,origin/jflin,origin/jflin-backend-completions,origin/main	10	.github,docs,frontend,README.md	chore: 完善项目工程化体系与文档规范	6b19695877af464a4c427c5b83836cd523d88ef7
f7ac477	2026-05-16	merge	dzx0902 <145189098+dzx0902@users.noreply.github.com>	GitHub <noreply@github.com>	dev,main,origin,origin/backend-p0,origin/dev,origin/feat/entity-memory-scene,origin/feat/evaluation-benchmark-framework,origin/fix/backend-api-contract-demo,origin/fix/db-cli-windows-encoding,origin/frontend-api-integration,origin/jflin,origin/jflin-backend-completions,origin/main	0		Merge pull request #44 from dzx0902/jflin	f7ac4771dc61ec46f7c1b5a59c56a3275ed1ab09
2bad431	2026-05-15	merge	dzx0902 <145189098+dzx0902@users.noreply.github.com>	GitHub <noreply@github.com>	dev,main,origin,origin/backend-p0,origin/dev,origin/feat/entity-memory-scene,origin/feat/evaluation-benchmark-framework,origin/fix/backend-api-contract-demo,origin/fix/db-cli-windows-encoding,origin/frontend-api-integration,origin/jflin,origin/jflin-backend-completions,origin/main	0		Merge pull request #1 from dzx0902/dev	2bad43169fabea7a289682eaf80006f701f3f9f2
dc0e327	2026-05-15	non-merge	dzx0902 <3575895791@qq.com>	dzx0902 <3575895791@qq.com>	dev,main,origin,origin/backend-p0,origin/dev,origin/feat/entity-memory-scene,origin/feat/evaluation-benchmark-framework,origin/fix/backend-api-contract-demo,origin/fix/db-cli-windows-encoding,origin/frontend-api-integration,origin/jflin,origin/jflin-backend-completions,origin/main	55	.editorconfig,.env.example,.github,.gitignore,.pre-commit-config.yaml,backend,CONTRIBUTING.md,database,docker-compose.yml,docs,frontend,pyproject.toml,README.md,scripts	first commit	dc0e3276dad0d7f81d37c4c115ebbec3df88d73d
